{
	  "intents": [
	    {
	      "intent": "GetWorkoutIntent",
        "slots": [
          {
	          "name": "Food",
	          "type": "FOOD_NAME"
	        }
        ]
	    },
	    {
	      "intent": "AMAZON.StartOverIntent"
	    },
	    {
	      "intent": "AMAZON.RepeatIntent"
	    },
	    {
	      "intent": "AMAZON.HelpIntent"
	    },
	    {
	      "intent": "AMAZON.YesIntent"
	    },
	    {
	      "intent": "AMAZON.NoIntent"
	    },
	    {
	      "intent": "AMAZON.StopIntent"
	    },
	    {
	      "intent": "AMAZON.CancelIntent"
	    }
	  ]
	}
